old_name,new_name
Coastal_plain_pamlico shoreline complex_000890.json,coastal_plain_pamlico_shoreline_complex_000890.json
Coastal_plain_pamlico shoreline complex_2224435.json,coastal_plain_pamlico_shoreline_complex_2224435.json
carolina_terrane_.json,carolina_terrane.json
carolina_terrane_Hornblende gneiss_amphibolite.5456.json,carolina_terrane_hornblende_gneiss_amphibolite.5456.json
carolina_terrane_biotite gneiss_00940.json,carolina_terrane_biotite_gneiss_00940.json
carolina_terrane_biotite gneiss_4443445.json,carolina_terrane_biotite_gneiss_4443445.json
carolina_terrane_biotite gneiss_feldspathic biotite gneiss_98456.json,carolina_terrane_biotite_gneiss_feldspathic_biotite_gneiss_98456.json
carolina_terrane_epidote quartzite_amphibolite_sericite schist_biotite gneiss_6667.json,carolina_terrane_epidote_quartzite_amphibolite_sericite_schist_biotite_gneiss_6667.json
carolina_terrane_felsic metavolcanics_045.json,carolina_terrane_felsic_metavolcanics_045.json
carolina_terrane_felsic metavolcanics_0987.json,carolina_terrane_felsic_metavolcanics_0987.json
carolina_terrane_felsic metavolcanics_12.json,carolina_terrane_felsic_metavolcanics_12.json
carolina_terrane_felsic metavolcanics_1423.json,carolina_terrane_felsic_metavolcanics_1423.json
carolina_terrane_felsic metavolcanics_576.json,carolina_terrane_felsic_metavolcanics_576.json
carolina_terrane_felsic metavolcanics_6745.json,carolina_terrane_felsic_metavolcanics_6745.json
carolina_terrane_felsic metavolcanics_987.json,carolina_terrane_felsic_metavolcanics_987.json
carolina_terrane_granite gneiss Undifferentiated_656.json,carolina_terrane_granite_gneiss_undifferentiated_656.json
carolina_terrane_granite gneiss undifferentiated_0000987.json,carolina_terrane_granite_gneiss_undifferentiated_0000987.json
carolina_terrane_granite gneiss undifferentiated_0008.json,carolina_terrane_granite_gneiss_undifferentiated_0008.json
carolina_terrane_granite gneiss undifferentiated_009.json,carolina_terrane_granite_gneiss_undifferentiated_009.json
carolina_terrane_granite gneiss undifferentiated_11112.json,carolina_terrane_granite_gneiss_undifferentiated_11112.json
carolina_terrane_granite gneiss undifferentiated_22212.json,carolina_terrane_granite_gneiss_undifferentiated_22212.json
carolina_terrane_granite gneiss undifferentiated_41008.json,carolina_terrane_granite_gneiss_undifferentiated_41008.json
carolina_terrane_granite gneiss undifferentiated_434343.json,carolina_terrane_granite_gneiss_undifferentiated_434343.json
carolina_terrane_granite gneiss undifferentiated_44435.json,carolina_terrane_granite_gneiss_undifferentiated_44435.json
carolina_terrane_granite gneiss undifferentiated_44446.json,carolina_terrane_granite_gneiss_undifferentiated_44446.json
carolina_terrane_granite gneiss undifferentiated_45611.json,carolina_terrane_granite_gneiss_undifferentiated_45611.json
carolina_terrane_granite gneiss undifferentiated_55557.json,carolina_terrane_granite_gneiss_undifferentiated_55557.json
carolina_terrane_granite gneiss undifferentiated_77777.json,carolina_terrane_granite_gneiss_undifferentiated_77777.json
carolina_terrane_granite gneiss_4123.json,carolina_terrane_granite_gneiss_4123.json
carolina_terrane_granite gneiss_65786.json,carolina_terrane_granite_gneiss_65786.json
carolina_terrane_granite undifferentiated_0007.json,carolina_terrane_granite_undifferentiated_0007.json
carolina_terrane_granite undifferentiated_00098.json,carolina_terrane_granite_undifferentiated_00098.json
carolina_terrane_granite undifferentiated_222224.json,carolina_terrane_granite_undifferentiated_222224.json
carolina_terrane_granite undifferentiated_3154.json,carolina_terrane_granite_undifferentiated_3154.json
carolina_terrane_granite undifferentiated_333.json,carolina_terrane_granite_undifferentiated_333.json
carolina_terrane_granite undifferentiated_6874.json,carolina_terrane_granite_undifferentiated_6874.json
carolina_terrane_granite undifferentiated_9000.json,carolina_terrane_granite_undifferentiated_9000.json
carolina_terrane_granite undifferentiated_999.json,carolina_terrane_granite_undifferentiated_999.json
carolina_terrane_granite_biotite granite_amphibolite_2534.json,carolina_terrane_granite_biotite_granite_amphibolite_2534.json
carolina_terrane_hornblende gneiss_amphibolite_00098.json,carolina_terrane_hornblende_gneiss_amphibolite_00098.json
carolina_terrane_hornblende gneiss_amphibolite_1132.json,carolina_terrane_hornblende_gneiss_amphibolite_1132.json
carolina_terrane_hornblende gneiss_amphibolite_333.json,carolina_terrane_hornblende_gneiss_amphibolite_333.json
carolina_terrane_hornblende gneiss_amphibolite_33333.json,carolina_terrane_hornblende_gneiss_amphibolite_33333.json
carolina_terrane_hornblende gneiss_amphibolite_444.json,carolina_terrane_hornblende_gneiss_amphibolite_444.json
carolina_terrane_hornblende gneiss_amphibolite_6643.json,carolina_terrane_hornblende_gneiss_amphibolite_6643.json
carolina_terrane_hornblende gneiss_amphibolite_granite gneiss.json,carolina_terrane_hornblende_gneiss_amphibolite_granite_gneiss.json
carolina_terrane_hornblende gneiss_amphibolite_granite gneiss_324.json,carolina_terrane_hornblende_gneiss_amphibolite_granite_gneiss_324.json
carolina_terrane_hornblende gneiss_biotite gneiss_granite gneiss_678.json,carolina_terrane_hornblende_gneiss_biotite_gneiss_granite_gneiss_678.json
carolina_terrane_hornblende gneiss_granite gneiss_biotite gneiss_343.json,carolina_terrane_hornblende_gneiss_granite_gneiss_biotite_gneiss_343.json
carolina_terrane_irwinton sand_54565.json,carolina_terrane_irwinton_sand_54565.json
carolina_terrane_meta argillite_phyllite_2412.json,carolina_terrane_meta_argillite_phyllite_2412.json
carolina_terrane_meta-argillite_.sericite phyllite_metavolcanics_777json.json,carolina_terrane_meta-argillite_sericite_phyllite_metavolcanics_777json.json
carolina_terrane_meta-argillite_sericite phyllite_metavolcanics_1113.json,carolina_terrane_meta-argillite_sericite_phyllite_metavolcanics_1113.json
carolina_terrane_meta-argillite_sericite phyllite_metavolcanics_2224.json,carolina_terrane_meta-argillite_sericite_phyllite_metavolcanics_2224.json
carolina_terrane_mica schist_gneiss_amphibolite_0009.json,carolina_terrane_mica_schist_gneiss_amphibolite_0009.json
carolina_terrane_mica schist_gneiss_amphibolite_0888.json,carolina_terrane_mica_schist_gneiss_amphibolite_0888.json
carolina_terrane_mica schist_gneiss_amphibolite_098.json,carolina_terrane_mica_schist_gneiss_amphibolite_098.json
carolina_terrane_mica schist_gneiss_amphibolite_21.json,carolina_terrane_mica_schist_gneiss_amphibolite_21.json
carolina_terrane_mica schist_gneiss_amphibolite_2223.json,carolina_terrane_mica_schist_gneiss_amphibolite_2223.json
carolina_terrane_mica schist_gneiss_amphibolite_364.json,carolina_terrane_mica_schist_gneiss_amphibolite_364.json
carolina_terrane_mica schist_gneiss_amphibolite_444.json,carolina_terrane_mica_schist_gneiss_amphibolite_444.json
carolina_terrane_mica schist_gneiss_amphibolite_511.json,carolina_terrane_mica_schist_gneiss_amphibolite_511.json
carolina_terrane_mica schist_gneiss_amphibolite_537.json,carolina_terrane_mica_schist_gneiss_amphibolite_537.json
carolina_terrane_mica schist_gneiss_amphibolite_888.json,carolina_terrane_mica_schist_gneiss_amphibolite_888.json
carolina_terrane_porphyritic granite_24345.json,carolina_terrane_porphyritic_granite_24345.json
carolina_terrane_porphyritic granite_2651.json,carolina_terrane_porphyritic_granite_2651.json
carolina_terrane_porphyritic granite_657.json,carolina_terrane_porphyritic_granite_657.json
carolina_terrane_quartz mica schist_hornblende schist_biotite gneiss_4765.json,carolina_terrane_quartz_mica_schist_hornblende_schist_biotite_gneiss_4765.json
carolina_terrane_sericite schist_0909.json,carolina_terrane_sericite_schist_0909.json
carolina_terrane_sericite schist_44454.json,carolina_terrane_sericite_schist_44454.json
carolina_terrane_sericite schist_71000.json,carolina_terrane_sericite_schist_71000.json
carolina_terrane_ultramafic rock_0008.json,carolina_terrane_ultramafic_rock_0008.json
carolina_terrane_ultramafic rock_348.json,carolina_terrane_ultramafic_rock_348.json
carolina_terrane_ultramafic rocks_0934.json,carolina_terrane_ultramafic_rocks_0934.json
cat_square_amphibolite_biotite gneiss_quartz sericite schist_634.json,cat_square_amphibolite_biotite_gneiss_quartz_sericite_schist_634.json
cat_square_metavolcanic undifferentiated_534.json,cat_square_metavolcanic_undifferentiated_534.json
cat_square_silliminite schist_gneiss_345.json,cat_square_silliminite_schist_gneiss_345.json
cat_square_silliminite schist_gneiss_789.json,cat_square_silliminite_schist_gneiss_789.json
coastal_plain_.Penholoway_shoreline_complex_111444323json.json,coastal_plain_penholoway_shoreline_complex_111444323json.json
coastal_plain_eocene and _oligocene_residium_7654.json,coastal_plain_eocene_and_oligocene_residium_7654.json
coastal_plain_eocene undifferentiatred_0001113.json,coastal_plain_eocene_undifferentiatred_0001113.json
coastal_plain_granite undifferentiated_000555333.json,coastal_plain_granite_undifferentiated_000555333.json
coastal_plain_granite undifferentiated_444777.json,coastal_plain_granite_undifferentiated_444777.json
coastal_plain_granite undifferentiated_999333.json,coastal_plain_granite_undifferentiated_999333.json
coastal_plain_irwington sand_009.json,coastal_plain_irwington_sand_009.json
coastal_plain_irwinton sand_000555.json,coastal_plain_irwinton_sand_000555.json
coastal_plain_irwinton sand_0008.json,coastal_plain_irwinton_sand_0008.json
coastal_plain_irwinton sand_03354.json,coastal_plain_irwinton_sand_03354.json
coastal_plain_irwinton sand_1111.json,coastal_plain_irwinton_sand_1111.json
coastal_plain_irwinton sand_232323.json,coastal_plain_irwinton_sand_232323.json
coastal_plain_irwinton sand_33334.json,coastal_plain_irwinton_sand_33334.json
coastal_plain_irwinton sand_45454545.json,coastal_plain_irwinton_sand_45454545.json
coastal_plain_irwinton sand_555567.json,coastal_plain_irwinton_sand_555567.json
coastal_plain_irwinton sand_78787.json,coastal_plain_irwinton_sand_78787.json
coastal_plain_irwinton sand_88876.json,coastal_plain_irwinton_sand_88876.json
coastal_plain_irwinton sand_88898.json,coastal_plain_irwinton_sand_88898.json
coastal_plain_irwinton sand_99989.json,coastal_plain_irwinton_sand_99989.json
coastal_plain_irwinton sand_99990.json,coastal_plain_irwinton_sand_99990.json
coastal_plain_lower Tertiary-Cretaceous undifferentiated_6656.json,coastal_plain_lower_tertiary-cretaceous_undifferentiated_6656.json
coastal_plain_lower_tertiary-Cretaceous_65.json,coastal_plain_lower_tertiary-cretaceous_65.json
coastal_plain_mic cosukede_formation_22232.json,coastal_plain_mic_cosukede_formation_22232.json
coastal_plain_micc osukee_formation_33334.json,coastal_plain_micc_osukee_formation_33334.json
coastal_plain_ocala limestone_1.json,coastal_plain_ocala_limestone_1.json
coastal_plain_pamlico shoreline c0mplex_000333121.json,coastal_plain_pamlico_shoreline_c0mplex_000333121.json
coastal_plain_pamlico shoreline comlex_7775556.json,coastal_plain_pamlico_shoreline_comlex_7775556.json
"coastal_plain_pamlico shoreline complex, marsh and lagoonal facies_0088554.json",coastal_plain_pamlico_shoreline_complex_marsh_and_lagoonal_facies_0088554.json
coastal_plain_penholoway shorline complex_8241112.json,coastal_plain_penholoway_shorline_complex_8241112.json
coastal_plain_pleistocene and Pliocene sands and gravels_22232.json,coastal_plain_pleistocene_and_pliocene_sands_and_gravels_22232.json
coastal_plain_pleistocene_pl.ocene sands and gravels_0003json.json,coastal_plain_pleistocene_pl.ocene_sands_and_gravels_0003json.json
coastal_plain_pleistocene_pliocene sands and gravels_005588.json,coastal_plain_pleistocene_pliocene_sands_and_gravels_005588.json
coastal_plain_pleistocene_pliocene sands and gravels_111009.json,coastal_plain_pleistocene_pliocene_sands_and_gravels_111009.json
coastal_plain_pleistocene_pliocene sands and gravels_51232.json,coastal_plain_pleistocene_pliocene_sands_and_gravels_51232.json
coastal_plain_pliocene_pleistocene sands and gravels_004512.json,coastal_plain_pliocene_pleistocene_sands_and_gravels_004512.json
"coastal_plain_princess_anne shoreline complex, marsh and lagoonal_444345.json",coastal_plain_princess_anne_shoreline_complex_marsh_and_lagoonal_444345.json
coastal_plain_silver_bluff_shoreline complex_888333.json,coastal_plain_silver_bluff_shoreline_complex_888333.json
coastal_plain_stream alluvium_0002.json,coastal_plain_stream_alluvium_0002.json
coastal_plain_stream alluvium_1.json,coastal_plain_stream_alluvium_1.json
coastal_plain_suwanee limestone and igts residium_65432.json,coastal_plain_suwanee_limestone_and_igts_residium_65432.json
coastal_plain_suwanee limestone and its residium_22223.json,coastal_plain_suwanee_limestone_and_its_residium_22223.json
coastal_plain_suwanee limestone and its residium_434.json,coastal_plain_suwanee_limestone_and_its_residium_434.json
coastal_plain_suwanee limestone and its residium_8765.json,coastal_plain_suwanee_limestone_and_its_residium_8765.json
coastal_plain_suwannee limestone and its residium_000898.json,coastal_plain_suwannee_limestone_and_its_residium_000898.json
coastal_plain_suwannee limestone and its residium_11121.json,coastal_plain_suwannee_limestone_and_its_residium_11121.json
coastal_plain_suwannee limestone and its residium_66667.json,coastal_plain_suwannee_limestone_and_its_residium_66667.json
coastal_plain_suwannee limestone and its residium_8889.json,coastal_plain_suwannee_limestone_and_its_residium_8889.json
coastal_plain_tuscaloosa formation_0009.json,coastal_plain_tuscaloosa_formation_0009.json
coastal_plain_tuscaloosa formation_11121.json,coastal_plain_tuscaloosa_formation_11121.json
coastal_plain_tuscaloosa formation_44343.json,coastal_plain_tuscaloosa_formation_44343.json
coastal_plain_tuscaloosa formation_4443.json,coastal_plain_tuscaloosa_formation_4443.json
coastal_plain_tuscaloosa formation_76787.json,coastal_plain_tuscaloosa_formation_76787.json
coastal_plain_twiggs clay_0008.json,coastal_plain_twiggs_clay_0008.json
coastal_plain_wicomico shoreline complex_00087.json,coastal_plain_wicomico_shoreline_complex_00087.json
coastal_plain_wicomico shoreline complex_465879.json,coastal_plain_wicomico_shoreline_complex_465879.json
coastal_plain_wicomico_shoreline_complex marsh and lagoon_453654.json,coastal_plain_wicomico_shoreline_complex_marsh_and_lagoon_453654.json
coastal_plain_wiomico_shoreline_complex marsh and lagoon facies_3332215.json,coastal_plain_wiomico_shoreline_complex_marsh_and_lagoon_facies_3332215.json
eastern_blueridge_Aluminous schist_1.json,eastern_blueridge_aluminous_schist_1.json
eastern_blueridge_Aluminous schist_10.json,eastern_blueridge_aluminous_schist_10.json
eastern_blueridge_Aluminous schist_2.json,eastern_blueridge_aluminous_schist_2.json
eastern_blueridge_Aluminous schist_3.json,eastern_blueridge_aluminous_schist_3.json
eastern_blueridge_Aluminous schist_4.json,eastern_blueridge_aluminous_schist_4.json
eastern_blueridge_Aluminous schist_5.json,eastern_blueridge_aluminous_schist_5.json
eastern_blueridge_Aluminous schist_6.json,eastern_blueridge_aluminous_schist_6.json
eastern_blueridge_Aluminous schist_60.json,eastern_blueridge_aluminous_schist_60.json
eastern_blueridge_Aluminous schist_7.json,eastern_blueridge_aluminous_schist_7.json
eastern_blueridge_Aluminous schist_8.json,eastern_blueridge_aluminous_schist_8.json
eastern_blueridge_Aluminous schist_9.json,eastern_blueridge_aluminous_schist_9.json
eastern_blueridge_Amphibolite_1.json,eastern_blueridge_amphibolite_1.json
eastern_blueridge_Biotite gneiss Amphibolite1.json,eastern_blueridge_biotite_gneiss_amphibolite1.json
eastern_blueridge_Biotite gneiss amphibolite_2.json,eastern_blueridge_biotite_gneiss_amphibolite_2.json
eastern_blueridge_Biotite gneiss_1.json,eastern_blueridge_biotite_gneiss_1.json
eastern_blueridge_Biotite gneiss_2.json,eastern_blueridge_biotite_gneiss_2.json
eastern_blueridge_Biotite gneiss_3.json,eastern_blueridge_biotite_gneiss_3.json
eastern_blueridge_Garnet mica schist_1.json,eastern_blueridge_garnet_mica_schist_1.json
eastern_blueridge_Granite gneiss_1.json,eastern_blueridge_granite_gneiss_1.json
eastern_blueridge_Granite gneiss_10.json,eastern_blueridge_granite_gneiss_10.json
eastern_blueridge_Granite gneiss_11.json,eastern_blueridge_granite_gneiss_11.json
eastern_blueridge_Granite gneiss_12.json,eastern_blueridge_granite_gneiss_12.json
eastern_blueridge_Granite gneiss_2.json,eastern_blueridge_granite_gneiss_2.json
eastern_blueridge_Granite gneiss_3.json,eastern_blueridge_granite_gneiss_3.json
eastern_blueridge_Granite gneiss_4.json,eastern_blueridge_granite_gneiss_4.json
eastern_blueridge_Granite gneiss_5.json,eastern_blueridge_granite_gneiss_5.json
eastern_blueridge_Granite gneiss_6.json,eastern_blueridge_granite_gneiss_6.json
eastern_blueridge_Granite gneiss_7.json,eastern_blueridge_granite_gneiss_7.json
eastern_blueridge_Granite gneiss_8.json,eastern_blueridge_granite_gneiss_8.json
eastern_blueridge_Granite gneiss_9.json,eastern_blueridge_granite_gneiss_9.json
eastern_blueridge_Granite_1.json,eastern_blueridge_granite_1.json
eastern_blueridge_Graphite schist_1.json,eastern_blueridge_graphite_schist_1.json
eastern_blueridge_Graphite schist_2.json,eastern_blueridge_graphite_schist_2.json
eastern_blueridge_Hornblende gneiss Amphibolite_10.json,eastern_blueridge_hornblende_gneiss_amphibolite_10.json
eastern_blueridge_Hornblende gneiss Amphibolite_2.json,eastern_blueridge_hornblende_gneiss_amphibolite_2.json
eastern_blueridge_Hornblende gneiss _Amphibolite_1.json,eastern_blueridge_hornblende_gneiss_amphibolite_1.json
eastern_blueridge_Metagraywacke Mica schist_2.json,eastern_blueridge_metagraywacke_mica_schist_2.json
eastern_blueridge_Metagraywacke Mica schist_3.json,eastern_blueridge_metagraywacke_mica_schist_3.json
eastern_blueridge_Metagraywacke Mica schist_4.json,eastern_blueridge_metagraywacke_mica_schist_4.json
eastern_blueridge_Mica schist Gneiss Amphibolite_1.json,eastern_blueridge_mica_schist_gneiss_amphibolite_1.json
eastern_blueridge_Mica schist Gneiss.json,eastern_blueridge_mica_schist_gneiss.json
eastern_blueridge_Mica schist Gneiss_3.json,eastern_blueridge_mica_schist_gneiss_3.json
eastern_blueridge_granite gneiss_0003334454.json,eastern_blueridge_granite_gneiss_0003334454.json
eastern_blueridge_granite gneiss_123400.json,eastern_blueridge_granite_gneiss_123400.json
eastern_blueridge_granite gneiss_22243.json,eastern_blueridge_granite_gneiss_22243.json
eastern_blueridge_granite gneiss_712000.json,eastern_blueridge_granite_gneiss_712000.json
eastern_blueridge_granite gneiss_77886655.json,eastern_blueridge_granite_gneiss_77886655.json
eastern_blueridge_granite gneiss_88809.json,eastern_blueridge_granite_gneiss_88809.json
eastern_blueridge_hornblende gneiss_amphibolite_5553339.json,eastern_blueridge_hornblende_gneiss_amphibolite_5553339.json
eastern_blueridge_metagraywacke_mica schist78903.json,eastern_blueridge_metagraywacke_mica_schist78903.json
eastern_blueridge_metagraywacke_mica schist_00056.json,eastern_blueridge_metagraywacke_mica_schist_00056.json
eastern_blueridge_metagraywacke_mica schist_1113332.json,eastern_blueridge_metagraywacke_mica_schist_1113332.json
eastern_blueridge_metagraywacke_mica schist_22232.json,eastern_blueridge_metagraywacke_mica_schist_22232.json
eastern_blueridge_metagraywacke_mica schist_43218.json,eastern_blueridge_metagraywacke_mica_schist_43218.json
eastern_blueridge_metagraywacke_mica schist_885577634.json,eastern_blueridge_metagraywacke_mica_schist_885577634.json
eastern_blueridge_mica schist_gneiss_41266.json,eastern_blueridge_mica_schist_gneiss_41266.json
inner_piedmont_.Hornblende gneiss Amphibolite_1.json,inner_piedmont_hornblende_gneiss_amphibolite_1.json
inner_piedmont_Aluminous schist_24.json,inner_piedmont_aluminous_schist_24.json
inner_piedmont_Aluminous schist_32.json,inner_piedmont_aluminous_schist_32.json
inner_piedmont_Granite gneiss_1.json,inner_piedmont_granite_gneiss_1.json
inner_piedmont_Granite gneiss_2.json,inner_piedmont_granite_gneiss_2.json
inner_piedmont_Granite gneiss_3.json,inner_piedmont_granite_gneiss_3.json
inner_piedmont_Granite gneiss_4.json,inner_piedmont_granite_gneiss_4.json
inner_piedmont_Granite gneiss_5.json,inner_piedmont_granite_gneiss_5.json
inner_piedmont_Granite gneiss_6.json,inner_piedmont_granite_gneiss_6.json
inner_piedmont_Granite_000.json,inner_piedmont_granite_000.json
inner_piedmont_Granite_26.json,inner_piedmont_granite_26.json
inner_piedmont_Granite_321.json,inner_piedmont_granite_321.json
inner_piedmont_Granite_465.json,inner_piedmont_granite_465.json
inner_piedmont_Hornblende gneiss Amphibolite_16.json,inner_piedmont_hornblende_gneiss_amphibolite_16.json
inner_piedmont_Hornblende gneiss Amphibolite_2.json,inner_piedmont_hornblende_gneiss_amphibolite_2.json
inner_piedmont_Hornblende gneiss Amphibolite_3.json,inner_piedmont_hornblende_gneiss_amphibolite_3.json
inner_piedmont_Hornblende gneiss Amphibolite_4.json,inner_piedmont_hornblende_gneiss_amphibolite_4.json
inner_piedmont_Hornblende gneiss_23.json,inner_piedmont_hornblende_gneiss_23.json
inner_piedmont_Hornblende gneiss_54.json,inner_piedmont_hornblende_gneiss_54.json
inner_piedmont_Hornblende gneiss_65.json,inner_piedmont_hornblende_gneiss_65.json
inner_piedmont_Hornblende gneiss_67.json,inner_piedmont_hornblende_gneiss_67.json
inner_piedmont_Hornblende gneiss_69.json,inner_piedmont_hornblende_gneiss_69.json
inner_piedmont_Hornblende gneiss_76.json,inner_piedmont_hornblende_gneiss_76.json
inner_piedmont_Hornblende gneiss_87.json,inner_piedmont_hornblende_gneiss_87.json
inner_piedmont_Hornblende gneiss_876.json,inner_piedmont_hornblende_gneiss_876.json
inner_piedmont_Hornblende gneiss_98.json,inner_piedmont_hornblende_gneiss_98.json
inner_piedmont_Hornblende_gneiss_Amphibolite_32.json,inner_piedmont_hornblende_gneiss_amphibolite_32.json
inner_piedmont_Mica schist Quartzite Gneiss Amphibolite_4345 .json,inner_piedmont_mica_schist_quartzite_gneiss_amphibolite_4345.json
inner_piedmont_Mica schist_Gneiss_Amphibolite_555.json,inner_piedmont_mica_schist_gneiss_amphibolite_555.json
inner_piedmont_Quartzite Mica schist Amphibolite.json,inner_piedmont_quartzite_mica_schist_amphibolite.json
inner_piedmont_Quartzite Mica schist Amphibolite_432.json,inner_piedmont_quartzite_mica_schist_amphibolite_432.json
inner_piedmont_Quartzite Mica schist Amphibolite_4321.json,inner_piedmont_quartzite_mica_schist_amphibolite_4321.json
inner_piedmont_Silliminite schist Gneiss Amphibolite_1.json,inner_piedmont_silliminite_schist_gneiss_amphibolite_1.json
inner_piedmont_Silliminite schist Gneiss Amphibolite_11.json,inner_piedmont_silliminite_schist_gneiss_amphibolite_11.json
inner_piedmont_Silliminite schist Gneiss Amphibolite_12.json,inner_piedmont_silliminite_schist_gneiss_amphibolite_12.json
inner_piedmont_Silliminite schist Gneiss Amphibolite_14.json,inner_piedmont_silliminite_schist_gneiss_amphibolite_14.json
inner_piedmont_Silliminite schist Gneiss Amphibolite_16.json,inner_piedmont_silliminite_schist_gneiss_amphibolite_16.json
inner_piedmont_Silliminite schist Gneiss Amphibolite_20.json,inner_piedmont_silliminite_schist_gneiss_amphibolite_20.json
inner_piedmont_Silliminite schist Gneiss Amphibolite_3.json,inner_piedmont_silliminite_schist_gneiss_amphibolite_3.json
inner_piedmont_Silliminite schist Gneiss Amphibolite_4 .json,inner_piedmont_silliminite_schist_gneiss_amphibolite_4.json
inner_piedmont_Silliminite schist Gneiss Amphibolite_5.json,inner_piedmont_silliminite_schist_gneiss_amphibolite_5.json
inner_piedmont_Silliminite schist Gneiss Amphibolite_6.json,inner_piedmont_silliminite_schist_gneiss_amphibolite_6.json
inner_piedmont_Silliminite schist Gneiss Amphibolite_7.json,inner_piedmont_silliminite_schist_gneiss_amphibolite_7.json
inner_piedmont_Silliminite schist Gneiss Amphibolite_8.json,inner_piedmont_silliminite_schist_gneiss_amphibolite_8.json
inner_piedmont_Silliminite schist Gneiss Amphibolite_9.json,inner_piedmont_silliminite_schist_gneiss_amphibolite_9.json
inner_piedmont_Silliminite schist_123.json,inner_piedmont_silliminite_schist_123.json
inner_piedmont_Silliminite schist_2437json.json,inner_piedmont_silliminite_schist_2437json.json
inner_piedmont_Silliminite schist_317.json,inner_piedmont_silliminite_schist_317.json
inner_piedmont_Silliminite schist_576.json,inner_piedmont_silliminite_schist_576.json
inner_piedmont_Silliminite schist_738.json,inner_piedmont_silliminite_schist_738.json
inner_piedmont_Silliminite schist_976.json,inner_piedmont_silliminite_schist_976.json
inner_piedmont_Ultramafic rock_9.json,inner_piedmont_ultramafic_rock_9.json
inner_piedmont_hornblende biotite gneiss_amphibolite_43.json,inner_piedmont_hornblende_biotite_gneiss_amphibolite_43.json
inner_piedmont_metagraywacke_mica schist_00007.json,inner_piedmont_metagraywacke_mica_schist_00007.json
inner_piedmont_metagraywacke_mica schist_553344.json,inner_piedmont_metagraywacke_mica_schist_553344.json
inner_piedmont_metagraywacke_mica schist_777444.json,inner_piedmont_metagraywacke_mica_schist_777444.json
inner_piedmont_mica schist_gneiss_amphibolite1324.json,inner_piedmont_mica_schist_gneiss_amphibolite1324.json
inner_piedmont_mica schist_gneiss_amphibolite_342.json,inner_piedmont_mica_schist_gneiss_amphibolite_342.json
inner_piedmont_mica schist_gneiss_amphibolite_546.json,inner_piedmont_mica_schist_gneiss_amphibolite_546.json
inner_piedmont_mica schist_gneiss_amphibolite_687.json,inner_piedmont_mica_schist_gneiss_amphibolite_687.json
inner_piedmont_mica schist_gneiss_amphibolite_756.json,inner_piedmont_mica_schist_gneiss_amphibolite_756.json
inner_piedmont_silliminite schist_243.json,inner_piedmont_silliminite_schist_243.json
inner_piedmont_silliminite schist_298.json,inner_piedmont_silliminite_schist_298.json
valley_and_ridge_fort_payne chert_2121234.json,valley_and_ridge_fort_payne_chert_2121234.json
valley_and_ridge_lookout sandstone_sewanee sandstone.json,valley_and_ridge_lookout_sandstone_sewanee_sandstone.json
valley_and_ridge_newala limestone_023.json,valley_and_ridge_newala_limestone_023.json
valley_and_ridge_rockmart slate_45454.json,valley_and_ridge_rockmart_slate_45454.json
valley_and_ridge_rockmart slaye_354767.json,valley_and_ridge_rockmart_slaye_354767.json
valley_and_ridge_rome_formation_.json2.json,valley_and_ridge_rome_formation_json2.json
western_blueridge_Aluminous_schist_1.json,western_blueridge_aluminous_schist_1.json
western_blueridge_Garnet mica schist.json,western_blueridge_garnet_mica_schist.json
western_blueridge_Granite_gneiss_1.json,western_blueridge_granite_gneiss_1.json
western_blueridge_Granite_gneiss_2.json,western_blueridge_granite_gneiss_2.json
western_blueridge_Metagraywacke Mica schist_5.json,western_blueridge_metagraywacke_mica_schist_5.json
western_blueridge_Metagraywacke_Mica_schist_Calc-silicate_gneiss.json,western_blueridge_metagraywacke_mica_schist_calc-silicate_gneiss.json
western_blueridge_Mica schist Gneiss_1.json,western_blueridge_mica_schist_gneiss_1.json
western_blueridge_Mica schist Gneiss_3.json,western_blueridge_mica_schist_gneiss_3.json
western_blueridge_Mica schist_Gneiss_1.json,western_blueridge_mica_schist_gneiss_1_2.json
western_blueridge_Murphy_marble_belt.json,western_blueridge_murphy_marble_belt.json
western_blueridge_Phyllite_and_Quartzite.json,western_blueridge_phyllite_and_quartzite.json
western_blueridge_Quartzite_Metagraywacke.json,western_blueridge_quartzite_metagraywacke.json
western_blueridge_Slate_Quartzite_Conglomerate.json,western_blueridge_slate_quartzite_conglomerate.json
western_blueridge_Ultramafic_rock.json,western_blueridge_ultramafic_rock.json
western_blueridge_aluminous schist_6743.json,western_blueridge_aluminous_schist_6743.json
western_blueridge_metagraywacke_mica schist_66674.json,western_blueridge_metagraywacke_mica_schist_66674.json
western_blueridge_metagraywacke_mica schist_quartzite_amphibolite_22243.json,western_blueridge_metagraywacke_mica_schist_quartzite_amphibolite_22243.json
western_blueridge_mica schist_gneiss_0099886.json,western_blueridge_mica_schist_gneiss_0099886.json
western_blueridge_mica schist_gneiss_79113322.json,western_blueridge_mica_schist_gneiss_79113322.json
